,id,date,rawContent,cleaned_content,english_relative_frequency
15,16,2022-01-01 17:56:50+00:00,@copybazz Believe me ami tomar vhaiya hote chai,believe me ami tomar vhaiya hote chai,0.5714285714285714
20,190,2022-01-05 07:40:55+00:00,"@nilima__nila @_QuranMHs Alhamdulillah vhalo achi. 

Keu na chinuk, r nam tao na harak
Tai ai bebostha ЁЯШЕ",alhamdulillah vhalo achi keu na chinuk r nam tao na harak tai ai bebostha,0.5
20,270,2022-01-08 12:25:32+00:00,"#Priyo bhai irfan er beyati
 kajir daeori, VIP Tower 

     тЭдя╕П [ Chittagong. ] тЭдя╕П https://t.co/nzJb0nTqle",bhai irfan er beyati kajir daeori vip tower chittagong,0.5555555555555556
5,354,2022-01-11 17:08:08+00:00,"ЁЯе░ @ Potenga Sea Beach, Chattogram https://t.co/eNjVfm5LZF",potenga sea beach chattogram,0.5
13,381,2022-01-12 12:38:45+00:00,Tour Bandarban https://t.co/FDeWF9S9Tv,tour bandarban,0.5
6,435,2022-01-15 18:30:16+00:00,"рж╕ржорзБржжрзНрж░ ржмрж┐рж▓рж╛рж╕ @ Potenga Sea Beach, Chattogram https://t.co/oxaZFjvfNR",potenga sea beach chattogram,0.5
17,446,2022-01-15 11:11:38+00:00,@samirajahansara Hey Mashallha,hey mashallha,0.5
5,498,2022-01-18 11:45:29+00:00,ржмрж┐рж╢рзЗрж╖ ржХрж╛ржЬрзЗ @ Aronnok Holiday Cottage Rangamati https://t.co/5u0iQHlcaT,aronnok holiday cottage rangamati,0.5
16,558,2022-01-21 04:11:18+00:00,Somewhere in bandarban ЁЯПН @ Bandarban https://t.co/r8BMHeWKBQ,somewhere in bandarban bandarban,0.5
2,565,2022-01-22 17:54:24+00:00,"01/10/21
ЁЯТЩЁЯМК @ Potenga Sea Beach, Chattogram https://t.co/WZfLQSEonz",011021 potenga sea beach chattogram,0.5
17,625,2022-01-24 10:05:48+00:00,@samirajahansara Walaikum Salam,walaikum salam,0.5
19,688,2022-01-26 12:06:31+00:00,"Bhai тЭдя╕П. @ Bandarban, Chittagong, Bangladesh https://t.co/ExkAUh3j8Y",bhai bandarban chittagong bangladesh,0.5
16,721,2022-01-27 11:02:18+00:00,@Tamanna________ Hey MasAllah,hey masallah,0.5
10,742,2022-01-28 10:52:11+00:00,Hari apa ini dah 2 orang hubungin gw dari 2012 yg ga pernah ketemu,hari apa ini dah 2 orang hubungin gw dari 2012 yg ga pernah ketemu,0.5
10,767,2022-01-29 14:37:11+00:00,"ржПржХржЯрзБ ржЪрж╛ржк ржжрж┐ржпрж╝рзЗ ржЪрж┐ржХрзЗржи ржЦрж╛ржЪрзНржЫрж┐! 

#After #рж▓ржВ #time #рж╣рж╛ржмрж┐ржмрзНржмрзЗрж░_рж▓ржпрж╝ @ 2 No Gate,chittagong https://t.co/sep3o467bF",2 no gatechittagong,0.5
11,768,2022-01-29 14:12:14+00:00,"ржЖржорж╛рж░ рж╕ржмржЯрзБржХрзБ ржЖрж╢рзНржмрж╛рж╕ ржлрзБрж░рж┐ржпрж╝рзЗ ржЧрзЗрж▓рзЗржУ

ржлрзБрж░рж┐ржпрж╝рзЗ ржпрж╛ржмрзЗ ржирж╛ рждрзЛржорж╛ржХрзЗ ржнрж╛рж▓рзЛржмрж╛рж╕рж╛рж░ ржмрж┐рж╢рзНржмрж╛рж╕ @ Royel Hut &amp; Subzero https://t.co/CScVGJ685b",royel hut and subzero,0.5
9,807,2022-01-31 13:40:00+00:00,@JustineSol @kdramatreats Betrayer girin!ЁЯдг,betrayer girin,0.5
14,1051,2022-02-09 08:43:40+00:00,"ржжрзНрж░рзБржд ржкрж░рж┐ржмрж░рзНрждржирж╢рзАрж▓ ржмрж┐рж╢рзНржмрзЗ ржмрзНржпрж░рзНрже рж╣ржУржпрж╝рж╛рж░ ржПржХржЯрж┐ ржорж╛рждрзНрж░ ржЙржкрж╛ржпрж╝ ржЖржЫрзЗ ржЖрж░ рждрж╛ рж╣рж▓ ржЭрзБржБржХрж┐ ржирж╛ ржирзЗржпрж╝рж╛ред 

---- ржорж╛рж░рзНржХ ржЬрзБржХрж╛рж░ржмрж╛рж░рзНржЧ @ Potenga Sea Beach, Chattogram https://t.co/A6bEBFpi7t",potenga sea beach chattogram,0.5
9,1131,2022-02-12 18:26:05+00:00,"Friday's tourЁЯШГ
Mekhal, Pundarik Dham, Loknath Temple Chittagong Center, Ram Thakur Dham, https://t.co/gmFGrVmy40",fridays tour mekhal pundarik dham loknath temple chittagong center ram thakur dham,0.5833333333333334
9,1168,2022-02-13 18:31:14+00:00,##3 ##idiots  ##program ##time ЁЯФетЩея╕П @ Aman Bazar - ржЖржорж╛ржи ржмрж╛ржЬрж╛рж░ https://t.co/OdOSmU65gF,aman bazar,0.5
14,1210,2022-02-14 07:45:11+00:00,ЁЭШ╝ ЁЭЩгЁЭЩЮЁЭЩЬЁЭЩЭЁЭЩй ЁЭЩдЁЭЩЫ ЁЭЩдЁЭЩкЁЭЩз ЁЭЩЯЁЭЩдЁЭЩо. ЁЯШК @ The Arrosto https://t.co/ykXK6FvXmA,the arrosto,0.5
6,1249,2022-02-16 15:59:34+00:00,"ржЕржирзЗржХ ржжрж┐ржи ржкрж░ ржмржирзНржзрзБ ржЖрж░ ржнрж╛ржЗржжрзЗрж░ рж╕рж╛ржерзЗтЭдя╕П @ Bus Tarminal,bohdarhat https://t.co/uwTEYfV8gQ",bus tarminalbohdarhat,0.5
21,1264,2022-02-16 05:09:16+00:00,Buddhist Chaitya(Jaadi) Abhisheka! ЁЯТХЁЯТХЁЯЩПЁЯЩП https://t.co/zDWqhHH2nu,buddhist chaitya jaadi abhisheka,0.5
18,1375,2022-02-20 08:31:18+00:00,Night MoodЁЯдУЁЯдУ @ Crb Chattogram https://t.co/VvUrjZqheg,night mood crb chattogram,0.5
6,1388,2022-02-21 18:20:51+00:00,@dailystarnews R o onek kicu,r o onek kicu,0.5
9,1479,2022-02-23 14:43:11+00:00,"22.02.2022
Alhamdulillah
Booster dose done!
Moderna... ржнрж╛ржЗ рж░рзЗ ржнрж╛ржЗ! ржмрзНржпржерж╛ ржХрж╛рж░рзЗ ржХржпрж╝! ЁЯШм @ Hathazari, Chittagong https://t.co/nZQR127Cz0",22 02 2022 alhamdulillah booster dose done moderna hathazari chittagong,0.5714285714285714
11,1481,2022-02-23 12:06:15+00:00,"ржПржХрж╛ ржмрзЗржЪрзЗржБ ржерж╛ржХрждрзЗ рж╢рзЗржЦрзЛ ржкрзНрж░рж┐ржпрж╝ред ржХржнрж╛рж░ред 

ржЖржорж┐ ржУ @mehedi_traveller @ Kaptai Lake https://t.co/KLaIJYMIWO",kaptai lake,0.5
6,1549,2022-02-26 14:36:19+00:00,"ржкрзНрж░ржХрзГрждрж┐рж░ рж╕рж╛ржерзЗ рж╣рж╛рж░рж┐ржпрж╝рзЗ ржпрж╛ржУржпрж╝рж╛ ржХрж┐ржЫрзБ рж╕ржоржпрж╝
ржпрзЗржЦрж╛ржирзЗ ржкрзНрж░рж╢рж╛ржирзНрждрж┐ ржЦрзБржБржЬрзЗ ржкрж╛ржУржпрж╝рж╛ ржпрж╛ржпрж╝ @ Vatiari , Chittagong https://t.co/WVxq25RZeE",vatiari chittagong,0.5
7,1550,2022-02-26 14:34:33+00:00,"ржкрзНрж░ржХрзГрждрж┐рж░ рж╕рж╛ржерзЗ рж╣рж╛рж░рж┐ржпрж╝рзЗ ржпрж╛ржУржпрж╝рж╛ ржХрж┐ржЫрзБ рж╕ржоржпрж╝
ржпрзЗржЦрж╛ржирзЗ ржкрзНрж░рж╢рж╛ржирзНрждрж┐ ржЦрзБржБржЬрзЗ ржкрж╛ржУржпрж╝рж╛ ржпрж╛ржпрж╝ @ Vatiari , Chittagong https://t.co/cZd1VSUjHI",vatiari chittagong,0.5
8,1551,2022-02-26 14:33:21+00:00,"ржкрзНрж░ржХрзГрждрж┐рж░ рж╕рж╛ржерзЗ рж╣рж╛рж░рж┐ржпрж╝рзЗ ржпрж╛ржУржпрж╝рж╛ ржХрж┐ржЫрзБ рж╕ржоржпрж╝
ржпрзЗржЦрж╛ржирзЗ ржкрзНрж░рж╢рж╛ржирзНрждрж┐ ржЦрзБржБржЬрзЗ ржкрж╛ржУржпрж╝рж╛ ржпрж╛ржпрж╝ @ Vatiari , Chittagong https://t.co/bqxSEgbF4h",vatiari chittagong,0.5
9,1552,2022-02-26 14:32:15+00:00,"ржкрзНрж░ржХрзГрждрж┐рж░ рж╕рж╛ржерзЗ рж╣рж╛рж░рж┐ржпрж╝рзЗ ржпрж╛ржУржпрж╝рж╛ ржХрж┐ржЫрзБ рж╕ржоржпрж╝
ржпрзЗржЦрж╛ржирзЗ ржкрзНрж░рж╢рж╛ржирзНрждрж┐ ржЦрзБржБржЬрзЗ ржкрж╛ржУржпрж╝рж╛ ржпрж╛ржпрж╝ @ Vatiari , Chittagong https://t.co/4oiEv6q3na",vatiari chittagong,0.5
10,1553,2022-02-26 14:30:54+00:00,"ржкрзНрж░ржХрзГрждрж┐рж░ рж╕рж╛ржерзЗ рж╣рж╛рж░рж┐ржпрж╝рзЗ ржпрж╛ржУржпрж╝рж╛ ржХрж┐ржЫрзБ рж╕ржоржпрж╝
ржпрзЗржЦрж╛ржирзЗ ржкрзНрж░рж╢рж╛ржирзНрждрж┐ ржЦрзБржБржЬрзЗ ржкрж╛ржУржпрж╝рж╛ ржпрж╛ржпрж╝ @ Vatiari , Chittagong https://t.co/GmpEKhZyJl",vatiari chittagong,0.5
17,1560,2022-02-26 09:06:19+00:00,"ржЪрж▓ржЫрзЗ ржЧрж╛ржбрж╝рж┐ ржнрж╛ржЯрж┐ржпрж╝рж╛рж░рж┐, 
ржкрж╛рж╣рж╛ржбрж╝ ржЧрзБрж▓рзЛ ржЖржЬ ржжрзЗржм ржкрж╛ржбрж╝рж┐ @ Vatiari , Chittagong https://t.co/GX7D7gk6IG",vatiari chittagong,0.5
18,1561,2022-02-26 09:05:23+00:00,"ржЪрж▓ржЫрзЗ ржЧрж╛ржбрж╝рж┐ ржнрж╛ржЯрж┐ржпрж╝рж╛рж░рж┐,
ржкрж╛рж╣рж╛ржбрж╝ ржЧрзБрж▓рзЛ ржЖржЬ ржжрзЗржм ржкрж╛ржбрж╝рж┐ @ Vatiari , Chittagong https://t.co/fzbjBkyHRJ",vatiari chittagong,0.5
19,1562,2022-02-26 09:04:35+00:00,"ржЪрж▓ржЫрзЗ ржЧрж╛ржбрж╝рж┐ ржнрж╛ржЯрж┐ржпрж╝рж╛рж░рж┐,
ржкрж╛рж╣рж╛ржбрж╝ ржЧрзБрж▓рзЛ ржЖржЬ ржжрзЗржм ржкрж╛ржбрж╝рж┐ @ Vatiari , Chittagong https://t.co/3akzMoSk8B",vatiari chittagong,0.5
10,1616,2022-03-01 17:28:56+00:00,@Monbodole Alaikum Assalam Orhamatullah Alhamdulillah is good How are you,alaikum assalam orhamatullah alhamdulillah is good how are you,0.5555555555555556
20,1701,2022-03-04 11:34:20+00:00,"ржЬрзБржорж╛рж░ ржирж╛ржорж╛ржЬ ржмржирзНржзрзБрж░рж╛ ржорж┐рж▓рзЗ ржПржХ рж╕рж╛ржерзЗ ржЖржжрж╛ржпрж╝
ржмрж┐рж╢рзНржмрзЗрж░ ржкрзНрж░рждрж┐ржЯрж┐ ржорж╛ржирзБрж╖ рж╢рж╛ржирзНрждрж┐рждрзЗ ржерж╛ржХрзБржХ ржПржЗ ржХрж╛ржоржирж╛ @ ржЬржорж┐ржпрж╝рждрзБрж▓ ржлрж╛рж▓рж╛рж╣ ржЬрж╛рждрзАржпрж╝ ржЬрж╛ржорзЗ ржорж╕ржЬрж┐ржж, Dampara, Chittagong. https://t.co/0O2lNJud7l",dampara chittagong,0.5
21,1702,2022-03-04 11:31:52+00:00,"ржЬрзБржорзНржорж╛ ржорзЛржмрж╛рж░ржХ @ ржЬржорж┐ржпрж╝рждрзБрж▓ ржлрж╛рж▓рж╛рж╣ ржЬрж╛рждрзАржпрж╝ ржЬрж╛ржорзЗ ржорж╕ржЬрж┐ржж, Dampara, Chittagong. https://t.co/2XziVP2osV",dampara chittagong,0.5
24,1734,2022-03-05 09:34:33+00:00,Chittagong special mejbanЁЯе░ЁЯе░ЁЯе░ @ Kotom Bari Resturent https://t.co/E8i0vQjqYa,chittagong special mejban kotom bari resturent,0.5
6,1747,2022-03-06 18:22:06+00:00,kaptai town. https://t.co/p7Y1uvS66T,kaptai town,0.5
26,1790,2022-03-07 07:35:39+00:00,6/3/2022 #APGTA ЁЯЦд @ Sagorika Beach https://t.co/N4xguDEumk,632022 sagorika beach,0.5
28,1821,2022-03-08 07:57:15+00:00,Mizan Hasan https://t.co/XDrJcmp4hB,mizan hasan,0.5
2,1877,2022-03-10 19:39:09+00:00,"ржкрзНрж░рждрзНржпрж╛рж╢рж╛рж░ ржмрж┐ржкрж░рзАрждрзЗ рж╣ржарж╛рзО ржпржЦржи 
рж╕рзНржмржкрзНржиржЧрзБрж▓рзЛ рж╕рждрзНржп, ржЙржкрж╣рж╛рж░ рждрзЛ рж╕рзЗржЗ ржорж╛ржиржм ржкрзНрж░рж╛ржг
ржпрж╛рж░ ржЫрж╛ржпрж╝рж╛ржпрж╝ ржЖржорж┐ ржмрж┐ржорзВрж░рзНржд ЁЯШК @ Cox Bazzer https://t.co/WHG7NuCDBh",cox bazzer,0.5
17,1892,2022-03-10 07:10:25+00:00,Always Alhamdulliah https://t.co/fC3fL00e3r,always alhamdulliah,0.5
25,1924,2022-03-11 00:56:56+00:00,Pre Ramadan Exhibition 2022 @ Radisson Blu Chattogram Bay View https://t.co/oTFh00UEz6,pre ramadan exhibition 2022 radisson blu chattogram bay view,0.5
26,1925,2022-03-11 00:55:06+00:00,"Pre Ramadan Exhibition 2022 @ Radisson Blu Bay View, Chottogram https://t.co/nAJ53afGv7",pre ramadan exhibition 2022 radisson blu bay view chottogram,0.5
27,1926,2022-03-11 00:53:57+00:00,Pre Ramadan Exhibition 2022 @ Radisson Blu Chattogram Bay View https://t.co/Q4wKFGnpbB,pre ramadan exhibition 2022 radisson blu chattogram bay view,0.5
28,1927,2022-03-11 00:52:11+00:00,Pre Ramadan Exhibition 2022 @ Radisson Blu Chattogram Bay View https://t.co/8all1rjLwv,pre ramadan exhibition 2022 radisson blu chattogram bay view,0.5
30,1929,2022-03-11 00:50:02+00:00,"Pre Ramadan Exhibition 2022 @ Radisson Blu Bay View, Chottogram https://t.co/Px9fFPGl4l",pre ramadan exhibition 2022 radisson blu bay view chottogram,0.5
31,1930,2022-03-11 00:48:12+00:00,Pre Ramadan Exhibition 2022 @ Radisson Blu Chattogram Bay View https://t.co/3Ed8ACVpEN,pre ramadan exhibition 2022 radisson blu chattogram bay view,0.5
26,1969,2022-03-12 01:06:39+00:00,"ржПржХрзЗржХржЬржи ржПржХрзЗржХ рж╕ржоржпрж╝рзЗ ржПрж╕рзЗ ржПржХрзЗржХржЬржирзЗрж░ рж╕рж╛ржерзЗ ржПржХрзЗржХ рж╕ржоржпрж╝рзЗ ржжрзЗржЦрж╛
рж╕ржмрж╛ржЗ ржХржЯ

Pre Ramadan Exhibition 2022 @ Radisson Blu Chattogram Bay View https://t.co/qAHea7u3LP",pre ramadan exhibition 2022 radisson blu chattogram bay view,0.5
27,1970,2022-03-12 01:05:58+00:00,"ржПржХрзЗржХржЬржи ржПржХрзЗржХ рж╕ржоржпрж╝рзЗ ржПрж╕рзЗ ржПржХрзЗржХржЬржирзЗрж░ рж╕рж╛ржерзЗ ржПржХрзЗржХ рж╕ржоржпрж╝рзЗ ржжрзЗржЦрж╛
рж╕ржмрж╛ржЗ ржХржЯ

Pre Ramadan Exhibition 2022 @ Radisson Blu Bay View, Chottogram https://t.co/8ck5OQyo8u",pre ramadan exhibition 2022 radisson blu bay view chottogram,0.5
1,2066,2022-03-15 23:33:48+00:00,Ani WAEEEEE,ani waeeeee,0.5
4,2144,2022-03-18 16:52:27+00:00,рж╣рж╛рж▓ржХрж╛ ржнрзЛржЬржи ржЖрж░ ржЦрзЛрж╢ржЧрж▓рзНржк ржЪрж▓ржорж╛ржи ржирж┐рж░рж┐ржмрж┐рж▓рж┐ рж░ржпрж╝рзЗрж▓ рж╣рж╛ржЯрзЗ @ Royel Hut &amp; Subzero https://t.co/ObPaOflKmz,royel hut and subzero,0.5
5,2145,2022-03-18 16:50:56+00:00,рж╣рж╛рж▓ржХрж╛ ржнрзЛржЬржи ржЖрж░ ржЦрзЛрж╢ржЧрж▓рзНржк ржЪрж▓ржорж╛ржи ржирж┐рж░рж┐ржмрж┐рж▓рж┐ рж░ржпрж╝рзЗрж▓ рж╣рж╛ржЯрзЗ @ Royel Hut &amp; Subzero https://t.co/v3D72d9qAX,royel hut and subzero,0.5
6,2146,2022-03-18 16:49:28+00:00,рж╣рж╛рж▓ржХрж╛ ржнрзЛржЬржи ржЖрж░ ржЦрзЛрж╢ржЧрж▓рзНржк ржЪрж▓ржорж╛ржи ржирж┐рж░рж┐ржмрж┐рж▓рж┐ рж░ржпрж╝рзЗрж▓ рж╣рж╛ржЯрзЗ @ Royel Hut &amp; Subzero https://t.co/YgOMVQDOcT,royel hut and subzero,0.5
8,2148,2022-03-18 16:48:21+00:00,рж╣рж╛рж▓ржХрж╛ ржнрзЛржЬржи ржЖрж░ ржЦрзЛрж╢ржЧрж▓рзНржк ржЪрж▓ржорж╛ржи ржирж┐рж░рж┐ржмрж┐рж▓рж┐ рж░ржпрж╝рзЗрж▓ рж╣рж╛ржЯрзЗ @ Royel Hut &amp; Subzero https://t.co/LqDBqXhsO1,royel hut and subzero,0.5
9,2149,2022-03-18 16:47:19+00:00,ржЙрждрзНрждржкрзНржд ржХржпрж╝рж▓рж╛ржпрж╝ @ Royel Hut &amp; Subzero https://t.co/zcXXDsvL7t,royel hut and subzero,0.5
10,2150,2022-03-18 16:45:53+00:00,рж╣рж╛рж▓ржХрж╛ ржнрзЛржЬржи ржЖрж░ ржЦрзЛрж╢ржЧрж▓рзНржк ржЪрж▓ржорж╛ржи ржирж┐рж░рж┐ржмрж┐рж▓рж┐ рж░ржпрж╝рзЗрж▓ рж╣рж╛ржЯрзЗ @ Royel Hut &amp; Subzero https://t.co/pioDxZX9XW,royel hut and subzero,0.5
11,2151,2022-03-18 16:44:42+00:00,рж╣рж╛рж▓ржХрж╛ ржнрзЛржЬржи ржЖрж░ ржЦрзЛрж╢ржЧрж▓рзНржк ржЪрж▓ржорж╛ржи ржирж┐рж░рж┐ржмрж┐рж▓рж┐ рж░ржпрж╝рзЗрж▓ рж╣рж╛ржЯрзЗ @ Royel Hut &amp; Subzero https://t.co/eyf3rwYzBU,royel hut and subzero,0.5
12,2224,2022-03-20 17:56:28+00:00,"Holi 2022
#holi #holifestival 
#BangladeshЁЯЗзЁЯЗй 
#Chittagong @ Chittagong https://t.co/gU37BtfDSr",holi 2022 chittagong,0.5
14,2226,2022-03-20 17:13:56+00:00,@VOABANGLA Pora lekha hoye gese taka amra ki korbo  ржЗрж╕рзНржХрзБрж▓рзЗ ржлрж┐рж╕ ржжрж┐рждрзЗ ржирж╛ ржкрж╛рж░рж╛ ржЖржорж╛ржжрзЗрж░ ржорж░рж╛,pora lekha hoye gese taka amra ki korbo,0.5
16,2228,2022-03-20 17:03:01+00:00,@Nlechoppa1 Ameizing Written,ameizing written,0.5
17,2263,2022-03-21 04:57:27+00:00,"Adda @ Radisson Blu Bay View, Chottogram https://t.co/tMBbEyzpNT",adda radisson blu bay view chottogram,0.5
10,2310,2022-03-23 14:07:49+00:00,"ржЕржнрж┐ржиржирзНржжржи Taskin Ahmed 
""ржЬржпрж╝ ржмрж╛ржВрж▓рж╛' https://t.co/Cl7tuMKnUl",taskin ahmed,0.5
3,2407,2022-03-26 18:16:23+00:00,Alhamdulillah @ Chittagong https://t.co/z68AVxy1vp,alhamdulillah chittagong,0.5
6,2410,2022-03-26 16:30:00+00:00,"-ржЬрзАржмржиржЯрж╛ рж░ржЩрзНржЧрж┐ржи ржХрж░рзЗ рж╕рж╛ржЬрж╛ржирзЛрж░ ржЪрзЗржпрж╝рзЗ....тЭдя╕ПЁЯТЫ
-рж╕рж╛ржжрж╛ржХрж╛рж▓рзЛ ржХрж░рзЗ рж╕рж╛ржЬрж╛ржирзЛ ржЕржирзЗржХ ржнрж╛рж▓рзЛ...ЁЯдНЁЯЦд
-ржХрж╛рж░ржг рж╕рж╛ржжрж╛ржХрж╛рж▓рзЛ ржХржЦржирзЛ рж╕рж╛рж░рзНржержкрж░ ржЖрж░ ржмрзЗржЗржорж╛ржирж┐ 
ржХрж░рждрзЗ рж╢рж┐ржХрзНрж╖рж╛ржпрж╝ ржирж╛...ЁЯЩЕтАНтЩВя╕ПЁЯЩЕтАНтЩВя╕ПЁЯЩЕтАНтЩВя╕ПЁЯЩЕтАНтЩВя╕П

Abir Hossain https://t.co/9cyTQI3VUi",abir hossain,0.5
10,2574,2022-03-31 19:13:17+00:00,Special treetЁЯНЫ https://t.co/qU1GYNlHL9,special treet,0.5
38,2658,2022-04-02 00:24:13+00:00,"рж╕рж╛рж▓рж╛ржж @ Parki Sea Beach, Anowara https://t.co/2ihPdaHpTi",parki sea beach anowara,0.5
39,2659,2022-04-02 00:19:12+00:00,"ржмрж┐рж░рж┐ржпрж╝рж╛ржирж┐ @ Parki Sea Beach, Anowara https://t.co/TwRYS9OzS9",parki sea beach anowara,0.5
2,2691,2022-04-04 19:36:06+00:00,Ami achi https://t.co/gHaVvdvtth,ami achi,0.5
3,2707,2022-04-05 22:39:16+00:00,Family Occassion Cousins @ Hathajari https://t.co/Ehlxxwpa8G,family occassion cousins hathajari,0.5
10,2770,2022-04-07 18:26:23+00:00,"Congratulations Farzana
Sheikh Hasina Medical College, Jamalpur https://t.co/RrscwfbyEm",congratulations farzana sheikh hasina medical college jamalpur,0.5714285714285714
19,2870,2022-04-10 05:03:31+00:00,@labiba96456704o tai naki,tai naki,0.5
14,2891,2022-04-11 13:02:12+00:00,"ржЖржЬржХрзЗрж░ ржбрзЗрж▓рж┐ржнрж╛рж░рж┐... 

   тЮбя╕П ржЬрж▓ржкрж╛ржЗ ржЖржЪрж╛рж░

#ржЖржЪрж╛рж░  #ржЯржХ_ржЭрж╛рж▓_ржорж┐рж╖рзНржЯрж┐
#ржЬрж▓ржкрж╛ржЗ #pickles @ Chittagong, Bangladash https://t.co/zdmOYIErsY",chittagong bangladash,0.5
18,2922,2022-04-12 05:01:34+00:00,"@samirajahansara Humm,true loveЁЯТпЁЯдЧ",hummtrue love,0.5
12,2937,2022-04-13 16:46:26+00:00,"#- ржЬрзАржмржи рж╣ржЪрзНржЫрзЗ..!ЁЯЩВ

- ржорзГрждрзНржпрзБрж░ ржХрж╛ржЫ ржерзЗржХрзЗ ржзрж╛рж░ ржирзЗржпрж╝рж╛ ржХрж┐ржЫрзБржЯрж╛ рж╕ржоржпрж╝-!!ЁЯЩГЁЯМ║ @ Marin Fisheries Academy, Chittgong https://t.co/7uUnsAO5wT",marin fisheries academy chittgong,0.5
2,3018,2022-04-16 22:34:54+00:00,Baru saja mengirim foto @ ЁЭРЗЁЭРЪЁЭРйЁЭРйЁЭР▓ ЁЭРБЁЭРвЁЭРлЁЭРнЁЭРбЁЭРЭЁЭРЪЁЭР▓ - рж╢рзБржн ржЬржирзНржоржжрж┐ржи ЁСБНя╕О https://t.co/u4crhhVRLo,baru saja mengirim foto,0.5
7,3023,2022-04-16 19:00:03+00:00,Busy CTG. https://t.co/PbVcrFSQnq,busy ctg,0.5
15,3063,2022-04-17 14:09:08+00:00,"#ржирж╛рж░рж┐ржХрзЗрж▓_ржЪрж┐ржбрж╝рж╛

#ржЪрж┐ржбрж╝рж╛ #chira
#coconut #crackers @ Chittagong, Bangladash https://t.co/S7pO7vmwnM",chittagong bangladash,0.5
14,3084,2022-04-18 02:13:37+00:00,@Sadia200k Thik kore English likh age tarpor,thik kore english likh age tarpor,0.5
5,3103,2022-04-20 18:37:36+00:00,@Srkians_77 Hi sahruk,hi sahruk,0.5
11,3167,2022-04-22 15:53:28+00:00,MCC  MEDAN https://t.co/CKQddvIBmQ,mcc medan,0.5
0,3205,2022-04-24 21:21:07+00:00,Traditional mezban iftar @ Chittagong https://t.co/6MlaP1mnJu,traditional mezban iftar chittagong,0.5
2,3250,2022-04-26 20:50:09+00:00,"Trendy iftar ЁЯШБ @ ржкрждрзЗржЩрзНржЧрж╛, ржЪржЯрзНрж░ржЧрзНрж░рж╛ржо https://t.co/MQVOOOvn9X",trendy iftar,0.5
15,3263,2022-04-26 12:00:05+00:00,@BTS_twt_THVKIM Hello Tata тЭдя╕ПтЭдя╕П https://t.co/UbdQji7Xho,hello tata,0.5
15,3281,2022-04-27 05:34:08+00:00,@arindam2269 Hey bro! ржЗрж▓ржи ржорж╛рж╕рзНржХ рждрзЛржорж╛ржХрзЗ ржЦрзБржБржЬржЫрж┐рж▓рзЛред,hey bro,0.5
22,3305,2022-04-28 08:28:26+00:00,"рж╕рзНржмржкрзНржи ржмрж╛ржбрж╝рж┐ ржпрж╛ржЗ..! 

ЁЯЪМЁЯФЫ Shadin Travels https://t.co/epDZSgqjlo",shadin travels,0.5
14,3358,2022-04-29 11:22:24+00:00,"Iftari time selfie ЁЯд│ЁЯд│
Mee with my colleague https://t.co/rjNW05xPuA",iftari time selfie mee with my colleague,0.5714285714285714
25,3369,2022-04-29 05:24:19+00:00,"ржЬрзБржорж╛рждрзБрж▓ ржмрж┐ржжрж╛ ржорзЛржмрж╛рж░ржХ @ Chittagong, Bangladash https://t.co/dhK9FiKWeB",chittagong bangladash,0.5
16,3389,2022-04-30 13:01:27+00:00,рж▓ржЬрзНржЬрж╛ржмрждрзА @ Aronnok Holiday Cottage Rangamati https://t.co/obaVnwC7EX,aronnok holiday cottage rangamati,0.5
18,3391,2022-04-30 10:42:27+00:00,Inside Sanmar. https://t.co/IVbUvg2to7,inside sanmar,0.5
3,3425,2022-05-02 20:19:04+00:00,Sunset @ Beribad https://t.co/QW8MVq0s7S,sunset beribad,0.5
41,3463,2022-05-02 08:59:14+00:00,ржкрзНрж░рж┐ржпрж╝ ржмржирзНржзрзБрж░рж╛ ржорж┐рж▓рзЗ ржПржХ рж╕рж╛ржерзЗ ржЗржлрждрж╛рж░ ржЖржпрж╝рзЛржЬржирзЗ @ Bellpepper Restaurant https://t.co/I7aopett2U,bellpepper restaurant,0.5
42,3464,2022-05-02 08:58:43+00:00,ржкрзНрж░рж┐ржпрж╝ ржмржирзНржзрзБрж░рж╛ ржорж┐рж▓рзЗ ржПржХ рж╕рж╛ржерзЗ ржЗржлрждрж╛рж░ ржЖржпрж╝рзЛржЬржирзЗ @ Bellpepper Restaurant https://t.co/drV09kD0Ur,bellpepper restaurant,0.5
43,3465,2022-05-02 08:57:52+00:00,ржкрзНрж░рж┐ржпрж╝ ржмржирзНржзрзБрж░рж╛ ржорж┐рж▓рзЗ ржПржХ рж╕рж╛ржерзЗ ржЗржлрждрж╛рж░ ржЖржпрж╝рзЛржЬржирзЗ @ Bellpepper Restaurant https://t.co/9dahG8EInq,bellpepper restaurant,0.5
44,3466,2022-05-02 08:57:09+00:00,ржкрзНрж░рж┐ржпрж╝ ржмржирзНржзрзБрж░рж╛ ржорж┐рж▓рзЗ ржПржХ рж╕рж╛ржерзЗ ржЗржлрждрж╛рж░ ржЖржпрж╝рзЛржЬржирзЗ @ Bellpepper Restaurant https://t.co/lWsdNbtqWF,bellpepper restaurant,0.5
45,3467,2022-05-02 08:56:20+00:00,ржкрзНрж░рж┐ржпрж╝ ржмржирзНржзрзБрж░рж╛ ржорж┐рж▓рзЗ ржПржХ рж╕рж╛ржерзЗ ржЗржлрждрж╛рж░ ржЖржпрж╝рзЛржЬржирзЗ @ Bellpepper Restaurant https://t.co/DvrUdFnjPX,bellpepper restaurant,0.5
46,3468,2022-05-02 08:55:30+00:00,ржкрзНрж░рж┐ржпрж╝ ржмржирзНржзрзБрж░рж╛ ржорж┐рж▓рзЗ ржПржХ рж╕рж╛ржерзЗ ржЗржлрждрж╛рж░ ржЖржпрж╝рзЛржЬржирзЗ @ Bellpepper Restaurant https://t.co/ghbqYpl293,bellpepper restaurant,0.5
47,3469,2022-05-02 08:54:46+00:00,ржкрзНрж░рж┐ржпрж╝ ржмржирзНржзрзБрж░рж╛ ржорж┐рж▓рзЗ ржПржХ рж╕рж╛ржерзЗ ржЗржлрждрж╛рж░ ржЖржпрж╝рзЛржЬржирзЗ @ Bellpepper Restaurant https://t.co/FRpWyEcueS,bellpepper restaurant,0.5
48,3470,2022-05-02 08:53:37+00:00,ржкрзНрж░рж┐ржпрж╝ ржмржирзНржзрзБрж░рж╛ ржорж┐рж▓рзЗ ржПржХ рж╕рж╛ржерзЗ ржЗржлрждрж╛рж░ ржЖржпрж╝рзЛржЬржирзЗ @ Bellpepper Restaurant https://t.co/XiKkBIaVj4,bellpepper restaurant,0.5
49,3471,2022-05-02 08:52:56+00:00,ржкрзНрж░рж┐ржпрж╝ ржмржирзНржзрзБрж░рж╛ ржорж┐рж▓рзЗ ржПржХ рж╕рж╛ржерзЗ ржЗржлрждрж╛рж░ ржЖржпрж╝рзЛржЬржирзЗ @ Bellpepper Restaurant https://t.co/CbmVDaVxeD,bellpepper restaurant,0.5
50,3472,2022-05-02 08:52:09+00:00,ржкрзНрж░рж┐ржпрж╝ ржмржирзНржзрзБрж░рж╛ ржорж┐рж▓рзЗ ржПржХ рж╕рж╛ржерзЗ ржЗржлрждрж╛рж░ ржЖржпрж╝рзЛржЬржирзЗ @ Bellpepper Restaurant https://t.co/fH4IkSFzl4,bellpepper restaurant,0.5
53,3475,2022-05-02 08:15:04+00:00,ржкрзНрж░рж┐ржпрж╝ ржмржирзНржзрзБрж░рж╛ ржорж┐рж▓рзЗ ржПржХ рж╕рж╛ржерзЗ ржЗржлрждрж╛рж░ ржЖржпрж╝рзЛржЬржирзЗ @ Bellpepper Restaurant https://t.co/fhYyOVYDXP,bellpepper restaurant,0.5
54,3476,2022-05-02 08:14:33+00:00,ржкрзНрж░рж┐ржпрж╝ ржмржирзНржзрзБрж░рж╛ ржорж┐рж▓рзЗ ржПржХ рж╕рж╛ржерзЗ ржЗржлрждрж╛рж░ ржЖржпрж╝рзЛржЬржирзЗ @ Bellpepper Restaurant https://t.co/0DGyn5DtQE,bellpepper restaurant,0.5
11,3532,2022-05-04 18:33:36+00:00,ржХрзНржпрж╛ржорзЗрж░рж╛ржорзНржпрж╛ржи ржпржЦржи ржЖржорзНржорзБ ЁЯШ┤ЁЯЦд @ Baitul Bari https://t.co/S3jEh2zfG9,baitul bari,0.5
12,3533,2022-05-04 18:30:32+00:00,╪▒┘О┘С╪и┘Р┘С ╪з╪▒┘Т╪н┘О┘А┘А┘Е┘Т┘А┘А┘З┘П┘А┘Е┘О╪з ┘Г┘О┘А┘Е┘О╪з ╪▒┘О╪и┘О┘С┘А┘К┘О┘А╪з┘Ж┘Р┘А┘К ╪╡┘О┘А╪║┘Р┘А┘К┘А╪▒┘Л╪з ЁЯЦд @ Baitul Bari https://t.co/MBwcQejbmr,baitul bari,0.5
26,3547,2022-05-04 13:53:05+00:00,ржнрж╛ржЗ-ржнрж╛ржЗ ЁЯТЦЁЯМЩ @ Baitul Bari https://t.co/YKMBHUVjzH,baitul bari,0.5
2,3587,2022-05-06 19:32:24+00:00,Adorable conure ЁЯРж @ Dhup Phul https://t.co/AohEyz883S,adorable conure dhup phul,0.5
19,3604,2022-05-06 05:46:30+00:00,Acaba de publicar una foto en я╝▓я╜Ея╜Бя╜Мя╜Йя╜Фя╜Щ https://t.co/k0QJcUA8ce,acaba de publicar una foto en,0.5
26,3668,2022-05-08 08:07:18+00:00,ржЪржЯрзНржЯржЧрзНрж░рж╛ржо ржХрж▓рзЗржЬ ржЫрж╛рждрзНрж░рж▓рзАржЧ ржПрж░ ржмрж┐ржкрзНрж▓ржмрзА рж╕рж╣ рж╕ржнрж╛ржкрждрж┐ ржкрзНрж░рж┐ржпрж╝ Monirul Islam ржнрж╛ржЗ рж╕рж╣ ржЪржЯрзНржЯржЧрзНрж░рж╛ржо ржХрж▓рзЗржЬрзЗрж░ ржорж╛ржиржирзАржпрж╝ ржЕржзрзНржпржХрзНрж╖ ржкрзНрж░ржлрзЗрж╕рж░ ржорзЛрж╣рж╛ржорзНржоржж ржорзЛржЬрж╛рж╣рзЗржжрзБрж▓ ржЗрж╕рж▓рж╛ржо ржЪрзМржзрзБрж░рзА рж╕рзНржпрж╛рж░рзЗрж░ рж╕рж╛ржерзЗ ржИржжрзЗрж░ рж╢рзБржнрзЗржЪрзНржЫрж╛ ржмрж┐ржирж┐ржоржпрж╝ред https://t.co/fF7IikcGxy,monirul islam,0.5
17,3696,2022-05-09 12:29:32+00:00,My babyyyyy ЁЯШнЁЯШнЁЯШн https://t.co/nASIGofKrA,my babyyyyy,0.5
6,3719,2022-05-10 17:03:59+00:00,"ЁЯСБя╕ПЁЯСБя╕П @ 2 No Gate,chittagong https://t.co/k8MGKiQR5P",2 no gatechittagong,0.5
20,3756,2022-05-11 10:30:13+00:00,"ЁЯШШЁЯШНЁЯФеЁЯжА @ Potenga Sea Beach, Chattogram https://t.co/XGpBXvO5uP",potenga sea beach chattogram,0.5
26,3762,2022-05-11 04:22:58+00:00,ЁЯТк @ Finlay Square https://t.co/mzwuvDOsik,finlay square,0.5
27,3794,2022-05-12 07:07:47+00:00,Onek din por sei cirocena College Jekhane ase hajaro sriti @ SIR Ashutosh Government College https://t.co/JorrOqPcE0,onek din por sei cirocena college jekhane ase hajaro sriti sir ashutosh government college,0.5
3,3806,2022-05-13 23:15:32+00:00,ржПрж▓рж╛ржХрж╛ржпрж╝ ржЬрзБржорзНржорж╛ ржПрж░ ржирж╛ржорж╛ржЬ ржЖржжрж╛ржпрж╝ ржкрзНрж░рж╢рж╛ржирзНрждрж┐ ржжрзЗржпрж╝ рж╕рж░рзНржмрзЛржЪрзНржЪ @ Patiya chittagong https://t.co/VBstPahwa9,patiya chittagong,0.5
4,3807,2022-05-13 19:08:24+00:00,Rifat House.... https://t.co/ufuY5dD5IC,rifat house,0.5
0,3860,2022-05-15 18:55:27+00:00,Sports day @ Gharana  Restaura https://t.co/enO3pQ3nLQ,sports day gharana restaura,0.5
27,3942,2022-05-17 11:39:55+00:00,Dawat..... @ Chittagong https://t.co/e0UTRzd9al,dawat chittagong,0.5
30,3945,2022-05-17 06:35:30+00:00,"ЁЯМ╕
At - FSTC https://t.co/Qt6v1MYlOT",at fstc,0.5
43,4005,2022-05-18 03:14:19+00:00,Bandarban TownЁЯЦд https://t.co/BcHWFmEpsz,bandarban town,0.5
10,4045,2022-05-20 16:46:59+00:00,#friday @ Karnaphuli Paper Mills LTD Residensial Area https://t.co/g9zARXl7OG,karnaphuli paper mills ltd residensial area,0.5
11,4075,2022-05-21 15:04:10+00:00,"ржЖрж░ржУржпрж╝рж╛ ржЬрж╛рж╣рж╛ржи 
Arwa jahan https://t.co/aLkpdVeN7H",arwa jahan,0.5
22,4086,2022-05-21 02:29:24+00:00,Acaba de publicar una foto en я╝▓я╜Ея╜Бя╜Мя╜Йя╜Фя╜Щ https://t.co/7k33USHojU,acaba de publicar una foto en,0.5
15,4133,2022-05-23 14:22:09+00:00,@YouTubeIndia Harsh beniwalЁЯФе,harsh beniwal,0.5
31,4212,2022-05-25 01:33:15+00:00,"Asslamulakum 
рж╢рзБржн рж╕ржХрж╛рж▓ @ Chittagong https://t.co/fH0lapRMsv",asslamulakum chittagong,0.5
20,4234,2022-05-26 07:04:55+00:00,@rufaida_rina Tai naki...ЁЯдг,tai naki,0.5
27,4241,2022-05-26 01:29:29+00:00,"Asslamulakum 
рж╢рзБржн рж╕ржХрж╛рж▓, 
ржЖрж▓рж╣рж╛ржоржжрзБрж▓рж┐рж▓рзНрж▓рж╛рж╣ @ Chittagong https://t.co/UmV5FkyjHE",asslamulakum chittagong,0.5
3,4274,2022-05-28 20:46:50+00:00,Jinjin daddy https://t.co/LTC4itQKYu,jinjin daddy,0.5
4,4275,2022-05-28 20:44:23+00:00,Bye omw to ddie https://t.co/PxEMOlE8Z4,bye omw to ddie,0.5
14,4285,2022-05-28 15:58:57+00:00,"Ehh 
Agreed https://t.co/1Wt3ydeJRG",ehh agreed,0.5
35,4306,2022-05-28 00:47:39+00:00,ржкрждрзЗржЩрзНржЧрж╛ рж╕ржорзБржжрзНрж░ рж╕рзИржХржд ржХрж┐ржЫрзБржЯрж╛ рж╕ржоржпрж╝ ржШрзБрж░рж╛ржШрзБрж░рж┐ @ Patenga Beach ржкрждрзЗржЩрзНржЧрж╛ рж╕ржорзБржжрзНрж░ рж╕рзИржХржд https://t.co/SRl47mbYeI,patenga beach,0.5
1,4368,2022-05-31 20:50:05+00:00,ржХржкрж╛рж▓ ржЦрж╛рж░рж╛ржк ржирж╛ ржЖрж▓рзНрж▓рж╛рж╣ рждрж╛ржпрж╝рж╛рж▓рж╛ ржЖржорж╛рж░ ржкрж░рж┐ржХрзНрж╖рж╛ ржирж┐ржЪрзНржЫрзЗ рждрж╛ ржЬрж╛ржирж┐ ржирж╛ред ржХржкрж╛рж▓рзЗ ржнрж╛рж▓рзЛ ржШрж░ ржорж┐рж▓рж▓рзЗ ржнрж╛рж▓рзЛ ржмрж░ ржорж┐рж▓ржЫрзЗ ржирж╛ ржЖржмрж╛рж░ ржнрж╛рж▓рзЛ ржмрж░ ржорж┐рж▓рж▓рзЗ ржнрж╛рж▓рзЛ ржШрж░ ржорж┐рж▓ржЫрзЗ ржирж╛........  рж╕ржорж┐ржХрж░ржгрзЗ ржХрзЛржерж╛ржУ ржпрзЗржи ржЧрзЛрж▓ржорж╛рж▓ рж╣ржЪрзНржЫ........ЁЯЗзЁЯЗйЁЯЗзЁЯЗйЁЯЗзЁЯЗй @ Bondor Club https://t.co/4rVAr14ZVm,bondor club,0.5
16,4421,2022-06-01 12:43:35+00:00,"Tribute to KK
Yaaro 
Cast: Akib,Munna,Nahir
Videography: @King
Video Edit: VDJ Akib 
Thanks for watching https://t.co/Grnn8Qd0u0",tribute to kk yaaro cast akibmunnanahir videography video edit vdj akib thanks for watching,0.5714285714285714
22,4427,2022-06-01 08:49:23+00:00,"#ржЖржорзЗрж░_ржЖржЪрж╛рж░ 
#ржЯржХ_ржЭрж╛рж▓_ржорж┐рж╖рзНржЯрж┐ 
#mango_pickles @ Chittagong, Bangladash https://t.co/nmo0bntZc7",chittagong bangladash,0.5
1,4435,2022-06-02 22:19:54+00:00,"рж╕рзБ-ржкрзНрж░ржнрж╛ржд ржмрж╛ржВрж▓рж╛ржжрзЗрж╢ ЁЯМ╕ЁЯЦд

Captured by: Tonmoy Chowdhury https://t.co/gLM7T1kNvL",captured by tonmoy chowdhury,0.5
10,4462,2022-06-03 08:19:02+00:00,Hello EveyoneтЭдя╕П https://t.co/3JDTGpaC97,hello eveyone,0.5
21,4491,2022-06-04 08:05:42+00:00,"Me,,,dear all? https://t.co/9yAUnG3iau",medear all,0.5
24,4494,2022-06-04 03:54:02+00:00,Jani naЁЯЩВЁЯТФ https://t.co/pLBgOvs7Jp,jani na,0.5
14,4514,2022-06-05 11:46:53+00:00,"ржЬрзАржмржи ржпрзЗржЦрж╛ржирзЗ ржержоржХрзЗ ржжрж╛ржбрж╝рж╛ржпрж╝,
рж╕ржкрзНржи рж╕рзЗржЦрж╛ржирзЗ рж╣рж╛рждржЯрж┐ ржмрж╛ржбрж╝рж╛ржпрж╝ред @ Nisarga River Valley Kaptai. https://t.co/iKtPHmuAIs",nisarga river valley kaptai,0.5
20,4520,2022-06-05 07:39:44+00:00,My тЭдя╕П #rohitbro29  #rohit_29 @ CRB - рж╕рж┐ржЖрж░ржмрж┐ https://t.co/1ntyM6bMhM,my crb,0.5
6,4630,2022-06-09 13:52:49+00:00,"peaceful place @ Fatehpur, Modanhat, Hathazari, Chittagong https://t.co/3k6hLdUYX9",peaceful place fatehpur modanhat hathazari chittagong,0.5
9,4633,2022-06-09 12:32:04+00:00,"relaxed  mord,,,,,alongkar https://t.co/Gkbo7iBtIu",relaxed mordalongkar,0.5
1,4662,2022-06-10 17:58:26+00:00,The wildling @ Kaptai Upazila https://t.co/ow7ALJLPzc,the wildling kaptai upazila,0.5
14,4675,2022-06-10 09:23:06+00:00,"тАЬ ржмржХрзБрж▓ ржлрзБрж▓ ржмржХрзБрж▓ ржлрзБрж▓ 
     рж╕рзЛржирж╛ ржжрж┐ржпрж╝рж╛ рж╣рж╛ржд ржЦрж╛ржирж╛ ржмрж╛ржирзНржзрж╛ржЗрж▓рж┐ ,, @ Chittagong, Bangladash https://t.co/AMx6fvNfzs",chittagong bangladash,0.5
20,4709,2022-06-11 11:55:08+00:00,ЁЯШЮ_Rag_Day_ЁЯШЮ #ragday #Rag_Day #miss @ Chittagong https://t.co/hL8y7toM4L,ragday chittagong,0.5
18,4780,2022-06-13 07:39:13+00:00,"Just posted a photo @ Joramtal, Kumira, Sitakund, Chattogram https://t.co/bQL8cFt21b",just posted a photo joramtal kumira sitakund chattogram,0.5
15,4801,2022-06-14 09:35:01+00:00,@Sadia200k Hi sadia,hi sadia,0.5
0,4817,2022-06-15 20:27:21+00:00,"Beautiful view of natureЁЯСМтЭдя╕П @ Lohagara Upazila, Chattogram https://t.co/RlVorZCfs0",beautiful view of nature lohagara upazila chattogram,0.5714285714285714
3,4878,2022-06-16 19:27:10+00:00,"I am healty, Alhamdulillah. https://t.co/XNwbVIwYKj",i am healty alhamdulillah,0.5
15,4890,2022-06-16 15:28:34+00:00,@ICostelian Mohammad rasul,mohammad rasul,0.5
42,4917,2022-06-16 05:09:09+00:00,"Just posted a photo @ Joramtal, Kumira, Sitakund, Chattogram https://t.co/HTx4elLATO",just posted a photo joramtal kumira sitakund chattogram,0.5
49,4924,2022-06-16 03:25:25+00:00,"рждрзЛржорж╛ржпрж╝ ржнрж╛рж▓рзЛржмрж╛рж╕рж┐ ржЖрж▓рзНрж▓рж╛рж╣рж░ ржЬржирзНржп тЭдя╕П
#APGTA #SUKUN @ Baitul Bari https://t.co/HZulfPx1EK",baitul bari,0.5
2,5010,2022-06-19 17:35:28+00:00,"ЁЯдаTum Savi Jada ,ЁЯТХ 
ЁЯЩВTum Sa Payer KiyaЁЯе░
 #U #Love #My #ЁЯМ╣рждрзБржорж┐ #ЁЯТпЁЯТХЁЯУ╖ #Dear @ Chittagang- ржЪрж┐ржЯрж╛ржЧрж╛ржВ https://t.co/3oWbhfxJAG",tum savi jada tum sa payer kiya chittagang,0.5
16,5092,2022-06-21 13:19:28+00:00,near CSD. https://t.co/H20bt7Njin,near csd,0.5
10,5119,2022-06-22 19:09:36+00:00,"Lifehood 
#streetphotography #street @ Chittagong https://t.co/r58W5cSib0",lifehood chittagong,0.5
4,5251,2022-06-25 19:12:00+00:00,"Just posted a photo @ Lohagara Upazila, Chattogram https://t.co/TXweMXCz75",just posted a photo lohagara upazila chattogram,0.5714285714285714
23,5270,2022-06-25 12:16:20+00:00,Ethereum on @Coinbase: https://t.co/jwfGM7YlT9 https://t.co/ebEXTFowBI,ethereum on,0.5
10,5294,2022-06-26 14:25:27+00:00,"Navy road, kaptai Rangamati https://t.co/2DdNWJWu06",navy road kaptai rangamati,0.5
7,5327,2022-06-27 17:37:34+00:00,"Mon valo neiтАж.Nijer priyo manus k ami kotodin e pabo na,evabe Ki beche thaka jai тАжтАж.. https://t.co/SWzhRcsXLi",mon valo nei nijer priyo manus k ami kotodin e pabo naevabe ki beche thaka jai,0.5
7,5376,2022-06-28 16:14:46+00:00,Bijoy sen https://t.co/kXN6iXccXa,bijoy sen,0.5
23,5392,2022-06-28 10:14:54+00:00,"ржЫржмрж┐ ржжрзЗржЦрзЗ ржЖржорж╛рж░ ржорзЗржпрж╝рзЗ ржмрж▓рзНрж▓рзЛ ржирж╛ржо рждрж╛рж░ рж╣рж╛ржУржпрж╝рж╛ржЗ ржорж┐ржарж╛ржЗ ЁЯНб
ржЖрж░ ржЖржорж┐ ржмрж▓рзНрж▓рж╛ржо рж╕рж╛ржоржкрж╛ржкрж░рж┐
ржХрзЛржиржЯрж╛ рж╕ржарж┐ржХ ржирж╛ржо рждржмрзЗ рждрж╛ ржЬрж╛ржирж┐ ржирж╛ ржХрж┐ржирзНрждрзБ #рж╢рзИрж╢ржмрзЗрж░ ржХржерж╛ ржоржирзЗ ржкрж░рзЗ ржЧрзЗрж▓рзЛ ред
@nesernehal @ Uttar Kattoli Alhaz Mostafa Hakim University College https://t.co/dTYUzslcSy",uttar kattoli alhaz mostafa hakim university college,0.5714285714285714
51,5588,2022-07-03 03:25:53+00:00,"@Rotary Congratulations and Best wishes. 
Rtn Md.Shofiqul Islam PHF,Rotary club Chattogram Smile,Chattogram.",congratulations and best wishes rtn md shofiqul islam phfrotary club chattogram smilechattogram,0.5833333333333334
26,5717,2022-07-07 03:41:41+00:00,"Mehedi Picture @ ржкржЯрж┐ржпрж╝рж╛, ржЪржЯрзНржЯржЧрзНрж░рж╛ржо https://t.co/l2Wc9kQF0V",mehedi picture,0.5
10,5732,2022-07-08 10:27:18+00:00,тШБя╕ПЁЯМ┤ @ Baitul Bari https://t.co/9WVaiqj1sg,baitul bari,0.5
10,5764,2022-07-10 14:13:55+00:00,#Eidmubrak #eiduladha @ Uttar Kattali https://t.co/XxwRyh4xiG,uttar kattali,0.5
0,5800,2022-07-12 21:43:23+00:00,Eid MobarakЁЯТЩЁЯЦд https://t.co/cM8l3xynRR,eid mobarak,0.5
2,5802,2022-07-12 18:04:43+00:00,"рж░рж╛рж╕рзВрж▓ я╖║ ржмрж▓рзЗржЫрзЗржи, тАЬржЧрзЛржЯрж╛ ржжрзБржирж┐ржпрж╝рж╛ржЗ рж╕ржорзНржкржжрзЗ ржкрж░рж┐ржкрзВрж░рзНржгред ржПрж░ ржоржзрзНржпрзЗ рж╕ржмржЪрзЗржпрж╝рзЗ ржЙржУржо ржУ ржХрж▓рзНржпрж╛ржиржХрж░ рж╕ржорзНржкржж рж╣рж▓рзЛ ржкрзБржгрзНржпржмрждрзА рж╕рзНрждрзНрж░рзАредтАЭ [рж╕рж╣рзАрж╣ ржорзБрж╕рж▓рж┐ржоржГ-рзйрзлрзжрзн] @ Kumira Ghat https://t.co/S6XOqXsey4",kumira ghat,0.5
4,5804,2022-07-12 17:27:27+00:00,"Just posted a photo @ Kadamrasul, Sitakund, Chattogram. https://t.co/hlFMRw7lUb",just posted a photo kadamrasul sitakund chattogram,0.5714285714285714
10,5810,2022-07-12 15:04:42+00:00,"ржЫржирзНржжржкрждржи рждржмрзБржУ ржорзЗржХрж┐ рж╣рж╛рж╕рж┐рждрзЗ ржорждрзНржд! @ Mominbag H/S, Hamjarbag, Chittagong https://t.co/aKpyHy0kHL",mominbag hs hamjarbag chittagong,0.5
22,5822,2022-07-12 05:53:26+00:00,"Just posted a photo @ Kadamrasul, Sitakund, Chattogram. https://t.co/RmSksjkm6e",just posted a photo kadamrasul sitakund chattogram,0.5714285714285714
7,5897,2022-07-15 16:22:27+00:00,ЁЯХЛ Juma Mubarak ЁЯХЛ https://t.co/YNpTsFBxOd,juma mubarak,0.5
10,5917,2022-07-16 13:21:14+00:00,ржХрзНрж▓рж╛ржирзНрждрж┐ ржЖрж░ рж╣рждрж╛рж╢рж╛ ржерзЗржХрзЗ ржкрж╛рж▓рж╛ржирзЛрж░ ржПржХржЯрзБ ржкрзНрж░ржЪрзЗрж╖рзНржЯрж╛ ржорж╛рждрзНрж░ред @ Nisarga River Valley Kaptai. https://t.co/9XKiQBpUdY,nisarga river valley kaptai,0.5
19,6092,2022-07-21 08:01:14+00:00,#landscape #picture @ Bhatiary Lake https://t.co/kCMMZFVKuR,bhatiary lake,0.5
12,6111,2022-07-22 15:55:03+00:00,Acabou de publicar uma foto em ЁЭРЗЁЭРЪЁЭРйЁЭРйЁЭР▓ ЁЭРБЁЭРвЁЭРлЁЭРнЁЭРбЁЭРЭЁЭРЪЁЭР▓ - рж╢рзБржн ржЬржирзНржоржжрж┐ржи ЁСБНя╕О https://t.co/g6PDHNApb0,acabou de publicar uma foto em,0.5
4,6149,2022-07-24 11:39:12+00:00,"Naniarchar Bridge 
#naniarchar_bridge #naniarchar 
#picoftheday #PhotoOfTheDay #phonephotography #pic #viral #photo #photography @ Naniarchar Bridge https://t.co/pRTezTwW6J",naniarchar bridge naniarchar bridge,0.5
2,6164,2022-07-25 18:17:18+00:00,#Lonely @ Chottogram Bangladesh https://t.co/j10IU8r6pD,chottogram bangladesh,0.5
4,6166,2022-07-25 15:34:51+00:00,"#ржЖржорзЗрж░_ржЖржЪрж╛рж░
#ржЯржХ_ржЭрж╛рж▓_ржорж┐рж╖рзНржЯрж┐ @ Chittagong, Bangladash https://t.co/7ZAfSodHiP",chittagong bangladash,0.5
16,6178,2022-07-25 12:05:19+00:00,"рждрзБржорж┐ ржЪрж╛ржЗрж▓рзЗ ржЬрзЛржЫржирж╛, рж╕рзНржмржкрзНржирзАрж▓ ржХрзЛржирзЛ ржПржХ рж░рж╛рждрзЗ
ржЖржХрж╛рж╢ржЯрж╛ ржШрж┐рж░рзЗ ржкрзНрж░рж╛рж░рзНржержирж╛,
ржЪрж╛ржБржжржЯрж╛ ржмрж▓ржмрзЗ рж╣рзЗрж╕рзЗ, ржЬрзЛржЫржирж╛ ржПрж▓рзЗ рж╢рзЗрж╖рзЗ
ржЬрж╛ржирж┐ржУ рждрзЛржорж╛рж░ ржЕржнрзНржпрж░рзНржержирж╛редред @ Potenga Sea Beach, Chattogram https://t.co/uyWDopP0Ov",potenga sea beach chattogram,0.5
37,6229,2022-07-26 07:28:04+00:00,"#рж╢рзБржн ржЬржирзНржоржжрж┐ржи рж╕рж┐ ржмрзНрж░рж╛ржжрж╛рж░, рж╕рж┐ ржерзЗржХрзЗ ржПрж╕рзЗ рж░рж┐ржкрзНрж▓рж╛ржЗ ржжрж┐рж╕редтЭдя╕ПтЭдя╕П @ Foy's Lake https://t.co/BIsw3Ywkwz",foys lake,0.5
38,6230,2022-07-26 06:09:27+00:00,"#рж╢рзБржн ржЬржирзНржоржжрж┐ржи рж╕рж┐ ржмрзНрж░рж╛ржжрж╛рж░ред рж╕рж┐ ржерзЗржХрзЗ ржПрж╕рзЗ рж░рж┐ржкрзНрж▓рж╛ржЗ ржжрж┐рж╕ред @ Foy's Lake, Kulshi, Chittagong https://t.co/ct6Ob9Zxur",foys lake kulshi chittagong,0.5
0,6235,2022-07-27 21:38:53+00:00,Eating Kacci https://t.co/PkVaXR28Dm,eating kacci,0.5
0,6263,2022-07-28 23:26:26+00:00,"Sailor of padmaЁЯМ╝тЭдя╕ПЁЯе░

Memories of Rajshahi ЁЯШНЁЯе░

Alhamdulillah ЁЯЦдЁЯМ╝тЭдя╕П

#padma 
#NatureBeauty 
#rivers 
#moodchallange https://t.co/gm1J512VWG",sailor of padma memories of rajshahi alhamdulillah,0.5714285714285714
3,6266,2022-07-28 20:17:41+00:00,"ржкрзНрж░рж┐ржпрж╝ ржмржирзНржзрзБ Adv Shahadat Hossain ржПрж░ ржмрж┐ржмрж╛рж╣рзЗ ржкрзНрж░рж┐ржпрж╝ ржмржирзНржзрзБрж░рж╛ ржПржХ рж╕рж╛ржерзЗ

рж╢рзБржнржХрж╛ржоржирж╛ рж░ржЗрж▓рзЛ ржмржирзНржзрзБ @ International Convention Center Chittagong https://t.co/bOu6FltpAr",adv shahadat hossain international convention center chittagong,0.5714285714285714
4,6267,2022-07-28 20:16:15+00:00,"ржкрзНрж░рж┐ржпрж╝ ржмржирзНржзрзБ Adv Shahadat Hossain ржПрж░ ржмрж┐ржмрж╛рж╣рзЗ ржкрзНрж░рж┐ржпрж╝ ржмржирзНржзрзБрж░рж╛ ржПржХ рж╕рж╛ржерзЗ

рж╢рзБржнржХрж╛ржоржирж╛ рж░ржЗрж▓рзЛ ржмржирзНржзрзБ @ International Convention Center Chittagong https://t.co/y4MV8HDnYf",adv shahadat hossain international convention center chittagong,0.5714285714285714
5,6268,2022-07-28 20:14:34+00:00,"ржкрзНрж░рж┐ржпрж╝ ржмржирзНржзрзБ Adv Shahadat Hossain ржПрж░ ржмрж┐ржмрж╛рж╣рзЗ ржкрзНрж░рж┐ржпрж╝ ржмржирзНржзрзБрж░рж╛ ржПржХ рж╕рж╛ржерзЗ

рж╢рзБржнржХрж╛ржоржирж╛ рж░ржЗрж▓рзЛ ржмржирзНржзрзБ @ International Convention Center Chittagong https://t.co/Eve93g4QoT",adv shahadat hossain international convention center chittagong,0.5714285714285714
6,6269,2022-07-28 20:13:55+00:00,"ржкрзНрж░рж┐ржпрж╝ ржмржирзНржзрзБ Adv Shahadat Hossain ржПрж░ ржмрж┐ржмрж╛рж╣рзЗ ржкрзНрж░рж┐ржпрж╝ ржмржирзНржзрзБрж░рж╛ ржПржХ рж╕рж╛ржерзЗ

рж╢рзБржнржХрж╛ржоржирж╛ рж░ржЗрж▓рзЛ ржмржирзНржзрзБ @ International Convention Center Chittagong https://t.co/MfXGBQRRKx",adv shahadat hossain international convention center chittagong,0.5714285714285714
11,6274,2022-07-28 18:19:59+00:00,ЁЯкФ #SUKUN тЭдя╕П @ Baitul Bari https://t.co/6jGcbnGyK2,baitul bari,0.5
21,6284,2022-07-28 09:25:56+00:00,Bhai + friend https://t.co/GEjiLMP40b,bhai friend,0.5
4,6332,2022-07-30 20:03:55+00:00,@SumiyaJannat10 Good mrning,good mrning,0.5
5,6333,2022-07-30 20:03:19+00:00,@SumiyaJannat10 Good mrong,good mrong,0.5
1,6428,2022-08-02 23:57:16+00:00,ржмржирзНржзрзБ рж╢рж╛рж╣рж╛ржжрж╛ржд ржпржЦржи ржирждрзБржи ржмржЙ ржирж┐ржпрж╝рзЗ ржкрзНрж░ржержоржмрж╛рж░рзЗрж░ ржоржд ржЖржбрзНржбрж╛ржпрж╝ рж╣рж╛ржЬрж┐рж░ @ Royel Hut &amp; Subzero https://t.co/RI0oWpC9EB,royel hut and subzero,0.5
2,6429,2022-08-02 23:56:41+00:00,ржмржирзНржзрзБ рж╢рж╛рж╣рж╛ржжрж╛ржд ржпржЦржи ржирждрзБржи ржмржЙ ржирж┐ржпрж╝рзЗ ржкрзНрж░ржержоржмрж╛рж░рзЗрж░ ржоржд ржЖржбрзНржбрж╛ржпрж╝ рж╣рж╛ржЬрж┐рж░ @ Royel Hut &amp; Subzero https://t.co/TSnTPnMMu3,royel hut and subzero,0.5
18,6445,2022-08-02 09:19:09+00:00,@LostTemple7 Joy Mohadev https://t.co/b12NFI0V1l,joy mohadev,0.5
8,6513,2022-08-04 14:46:31+00:00,"La preocupaci├│n nunca resolvi├│ un problema, la acci├│n si тЭМ en Omerta https://t.co/5rWVh2lS66",la preocupaci├│n nunca resolvi├│ un problema la acci├│n si en omerta,0.5454545454545454
22,6527,2022-08-04 07:39:33+00:00,Drm Footballer https://t.co/21YVJiXaEY,drm footballer,0.5
0,6558,2022-08-05 22:42:52+00:00,@Boby06981247 Hum amio,hum amio,0.5
1,6559,2022-08-05 22:41:38+00:00,@tasfiasuty Ami aci,ami aci,0.5
10,6568,2022-08-05 22:30:39+00:00,@SadiaJannatAgni Sobahan allah,sobahan allah,0.5
33,6591,2022-08-05 16:21:37+00:00,"Selfie ЁЯе░ЁЯдЯ @ Bali Arcade, Chawkbazar https://t.co/yuHjKQD6Zo",selfie bali arcade chawkbazar,0.5
42,6600,2022-08-05 13:39:00+00:00,PCIU @ Chittagong https://t.co/JRTbZ784N8,pciu chittagong,0.5
20,6678,2022-08-06 10:29:37+00:00,Je buje sei khoje https://t.co/iuYlABUDH3,je buje sei khoje,0.5
11,6707,2022-08-07 14:12:47+00:00,@TamannaTrisha0 Bow khuji,bow khuji,0.5
11,6805,2022-08-09 17:39:49+00:00,"[2/2] ...paratha and fateher gosht (the beef curry you make at Eid ul  Adha), daal makhani, channa dahl with beef, khichuri with beef. https://t.co/Ra0OiQCMHH",22 paratha and fateher gosht the beef curry you make at eid ul adha daal makhani channa dahl with beef khichuri with beef,0.5909090909090909
21,6815,2022-08-09 14:59:55+00:00,"A light snack! Nishasta halwa, deemer (egg) halwa, shingara, jalebi, aloor dom, luchi, nola haleem, sheer khorma, nufa, channar dal halwa. Er no, can't do translations easily. https://t.co/o2bKpLsN5Z",a light snack nishasta halwa deemer egg halwa shingara jalebi aloor dom luchi nola haleem sheer khorma nufa channar dal halwa er no cant do translations easily,0.5185185185185185
80,6874,2022-08-09 02:04:46+00:00,"Rahat Arif ржнрж╛ржЗ ржПрж░ ржмрж┐ржмрж╛рж╣ ржкрж░ржмрж░рзНрждрзА ржУржпрж╝рж╛рж▓рж┐ржорж╛ рждрзЗ

рж╢рзБржнржХрж╛ржоржирж╛ ржУ ржжрзЛржпрж╝рж╛ рж░ржЗрж▓рзЛ @ Capital Grill https://t.co/mgtKIA0Jij",rahat arif capital grill,0.5
27,6904,2022-08-10 10:44:17+00:00,@ElisonTailor2 Samner ta,samner ta,0.5
49,6926,2022-08-10 06:39:43+00:00,"National Martyr Day
Jamiatul Falah Complex
09-08-2022 @ Jamiatul Falah Mosque https://t.co/WpmKhtHnyl",national martyr day jamiatul falah complex 09 08 2022 jamiatul falah mosque,0.5555555555555556
43,6980,2022-08-11 06:22:50+00:00,Salim Chowdhury https://t.co/pwHkI83Upo,salim chowdhury,0.5
27,7012,2022-08-12 06:47:53+00:00,Divec : CANON 60d https://t.co/KzcY2KkZZ7,divec canon 60d,0.5
37,7059,2022-08-13 08:49:50+00:00,"My Best  Friend ЁЯМ╝

тАв

тАв

тАв
Md Sagor Kolixxer Bondhu..ЁЯМ║ https://t.co/YAMLnGnGPp",my best friend md sagor kolixxer bondhu,0.5714285714285714
10,7120,2022-08-15 16:53:05+00:00,ЁЯЦд @ Cox Bazzer https://t.co/fR0BuAHCiG,cox bazzer,0.5
40,7184,2022-08-16 01:16:51+00:00,"Radhe Radhe 
Good Morning @ ржЖржЬ рж╣ржпрж╝рждрзЛ рж╕ржоржпрж╝ржЯрж╛ ржЦрж╛рж░рж╛ржк ржпрж╛ржЪрзНржЫрзЗ ржХрж┐ржирзНрждрзБ ржХрж╛рж▓ржХрзЗ ржнрж╛рж▓рзЛ рж╕ржоржпрж╝ ржЖрж╕ржмрзЗ рж╕рзЗ ржЕржкрзЗржХрзНрж╖рж╛ржпрж╝ рж░ржЗрж▓рж╛ржо https://t.co/zNGcOvkOno",radhe radhe good morning,0.5
21,7287,2022-08-20 11:19:37+00:00,Md Bijoy https://t.co/xEoGaKJvSV,md bijoy,0.5
35,7335,2022-08-21 08:32:09+00:00,Cholo Coxbazar https://t.co/gvRoZav0u9,cholo coxbazar,0.5
42,7342,2022-08-21 04:24:57+00:00,"рждрзЛржорж░рж╛ ржЫрж┐рж▓рзЗ рждрзЛржорж░рж╛ржЗ ржЖржЫрзЛ рждрзЛржорж░рж╛ржЗ ржерж╛ржХржмрзЗ ржЪрж┐рж░ржХрж╛рж▓,  ржжрзАрж░рзНржШ рзн ржмржЫрж░ ржкрж░ ржПржХрж╕рж╛ржерзЗ ржЦрзЗрждрзЗ ржЖрж╕рж╛ @ Agrabad.chittagong https://t.co/QwJG7Rv1xa",agrabad chittagong,0.5
40,7390,2022-08-22 04:59:49+00:00,"amigos!  ЁЯдО @ Dhoom, Mirsharai, Chittagong https://t.co/mI7qE9RUFq",amigos dhoom mirsharai chittagong,0.5
43,7393,2022-08-22 00:11:03+00:00,"ржкрзНрж░рж┐ржпрж╝ ржмржирзНржзрзБ Akramul Hoque ржПрж░ ржЬржирзНржоржжрж┐ржирзЗ рж╣рж╛рж▓ржХрж╛ ржнрзЛржЬржи
ржмржирзНржзрзБрж░рж╛ ржПржХ рж╕рж╛ржерзЗ 

ржжрзЛржпрж╝рж╛ ржУ ржнрж╛рж▓рзЛржмрж╛рж╕рж╛ рж░ржЗрж▓рзЛ ржмржирзНржзрзБ @ Red Chilli https://t.co/FIoU8oPOD5",akramul hoque red chilli,0.5
44,7394,2022-08-22 00:10:39+00:00,"ржкрзНрж░рж┐ржпрж╝ ржмржирзНржзрзБ Akramul Hoque ржПрж░ ржЬржирзНржоржжрж┐ржирзЗ рж╣рж╛рж▓ржХрж╛ ржнрзЛржЬржи
ржмржирзНржзрзБрж░рж╛ ржПржХ рж╕рж╛ржерзЗ 

ржжрзЛржпрж╝рж╛ ржУ ржнрж╛рж▓рзЛржмрж╛рж╕рж╛ рж░ржЗрж▓рзЛ ржмржирзНржзрзБ @ Red Chilli https://t.co/elzTSXXHwa",akramul hoque red chilli,0.5
45,7395,2022-08-22 00:10:03+00:00,"ржкрзНрж░рж┐ржпрж╝ ржмржирзНржзрзБ Akramul Hoque ржПрж░ ржЬржирзНржоржжрж┐ржирзЗ рж╣рж╛рж▓ржХрж╛ ржнрзЛржЬржи
ржмржирзНржзрзБрж░рж╛ ржПржХ рж╕рж╛ржерзЗ 

ржжрзЛржпрж╝рж╛ ржУ ржнрж╛рж▓рзЛржмрж╛рж╕рж╛ рж░ржЗрж▓рзЛ ржмржирзНржзрзБ @ Red Chilli https://t.co/rs6CXLmWAJ",akramul hoque red chilli,0.5
46,7396,2022-08-22 00:09:26+00:00,"ржкрзНрж░рж┐ржпрж╝ ржмржирзНржзрзБ Akramul Hoque ржПрж░ ржЬржирзНржоржжрж┐ржирзЗ рж╣рж╛рж▓ржХрж╛ ржнрзЛржЬржи
ржмржирзНржзрзБрж░рж╛ ржПржХ рж╕рж╛ржерзЗ 

ржжрзЛржпрж╝рж╛ ржУ ржнрж╛рж▓рзЛржмрж╛рж╕рж╛ рж░ржЗрж▓рзЛ ржмржирзНржзрзБ @ Red Chilli https://t.co/3QiBBu4oaQ",akramul hoque red chilli,0.5
47,7397,2022-08-22 00:08:53+00:00,"ржкрзНрж░рж┐ржпрж╝ ржмржирзНржзрзБ Akramul Hoque ржПрж░ ржЬржирзНржоржжрж┐ржирзЗ рж╣рж╛рж▓ржХрж╛ ржнрзЛржЬржи
ржмржирзНржзрзБрж░рж╛ ржПржХ рж╕рж╛ржерзЗ 

ржжрзЛржпрж╝рж╛ ржУ ржнрж╛рж▓рзЛржмрж╛рж╕рж╛ рж░ржЗрж▓рзЛ ржмржирзНржзрзБ @ Red Chilli https://t.co/QY17vIeAus",akramul hoque red chilli,0.5
48,7398,2022-08-22 00:08:17+00:00,"ржкрзНрж░рж┐ржпрж╝ ржмржирзНржзрзБ Akramul Hoque ржПрж░ ржЬржирзНржоржжрж┐ржирзЗ рж╣рж╛рж▓ржХрж╛ ржнрзЛржЬржи
ржмржирзНржзрзБрж░рж╛ ржПржХ рж╕рж╛ржерзЗ 

ржжрзЛржпрж╝рж╛ ржУ ржнрж╛рж▓рзЛржмрж╛рж╕рж╛ рж░ржЗрж▓рзЛ ржмржирзНржзрзБ @ Red Chilli https://t.co/fBqgE0OG8r",akramul hoque red chilli,0.5
49,7399,2022-08-22 00:07:47+00:00,"ржкрзНрж░рж┐ржпрж╝ ржмржирзНржзрзБ Akramul Hoque ржПрж░ ржЬржирзНржоржжрж┐ржирзЗ рж╣рж╛рж▓ржХрж╛ ржнрзЛржЬржи
ржмржирзНржзрзБрж░рж╛ ржПржХ рж╕рж╛ржерзЗ 

ржжрзЛржпрж╝рж╛ ржУ ржнрж╛рж▓рзЛржмрж╛рж╕рж╛ рж░ржЗрж▓рзЛ ржмржирзНржзрзБ @ Red Chilli https://t.co/dqVpa2g24e",akramul hoque red chilli,0.5
50,7400,2022-08-22 00:07:19+00:00,"ржкрзНрж░рж┐ржпрж╝ ржмржирзНржзрзБ Akramul Hoque ржПрж░ ржЬржирзНржоржжрж┐ржирзЗ рж╣рж╛рж▓ржХрж╛ ржнрзЛржЬржи
ржмржирзНржзрзБрж░рж╛ ржПржХ рж╕рж╛ржерзЗ 

ржжрзЛржпрж╝рж╛ ржУ ржнрж╛рж▓рзЛржмрж╛рж╕рж╛ рж░ржЗрж▓рзЛ ржмржирзНржзрзБ @ Red Chilli https://t.co/wK8PcGpxMz",akramul hoque red chilli,0.5
51,7401,2022-08-22 00:06:03+00:00,"ржкрзНрж░рж┐ржпрж╝ ржмржирзНржзрзБ Akramul Hoque ржПрж░ ржЬржирзНржоржжрж┐ржирзЗ рж╣рж╛рж▓ржХрж╛ ржнрзЛржЬржи
ржмржирзНржзрзБрж░рж╛ ржПржХ рж╕рж╛ржерзЗ 

ржжрзЛржпрж╝рж╛ ржУ ржнрж╛рж▓рзЛржмрж╛рж╕рж╛ рж░ржЗрж▓рзЛ ржмржирзНржзрзБ @ Red Chilli https://t.co/sgom3lNMVA",akramul hoque red chilli,0.5
52,7402,2022-08-22 00:04:59+00:00,"ржкрзНрж░рж┐ржпрж╝ ржмржирзНржзрзБ Akramul Hoque ржПрж░ ржЬржирзНржоржжрж┐ржирзЗ рж╣рж╛рж▓ржХрж╛ ржнрзЛржЬржи
ржмржирзНржзрзБрж░рж╛ ржПржХ рж╕рж╛ржерзЗ 

ржжрзЛржпрж╝рж╛ ржУ ржнрж╛рж▓рзЛржмрж╛рж╕рж╛ рж░ржЗрж▓рзЛ ржмржирзНржзрзБ @ Red Chilli https://t.co/HivPFO35sB",akramul hoque red chilli,0.5
53,7403,2022-08-22 00:04:28+00:00,"ржкрзНрж░рж┐ржпрж╝ ржмржирзНржзрзБ Akramul Hoque ржПрж░ ржЬржирзНржоржжрж┐ржирзЗ рж╣рж╛рж▓ржХрж╛ ржнрзЛржЬржи
ржмржирзНржзрзБрж░рж╛ ржПржХ рж╕рж╛ржерзЗ 

ржжрзЛржпрж╝рж╛ ржУ ржнрж╛рж▓рзЛржмрж╛рж╕рж╛ рж░ржЗрж▓рзЛ ржмржирзНржзрзБ @ Red Chilli https://t.co/oeHFtKRSy9",akramul hoque red chilli,0.5
54,7404,2022-08-22 00:03:43+00:00,"ржкрзНрж░рж┐ржпрж╝ ржмржирзНржзрзБ Akramul Hoque ржПрж░ ржЬржирзНржоржжрж┐ржирзЗ рж╣рж╛рж▓ржХрж╛ ржнрзЛржЬржи
ржмржирзНржзрзБрж░рж╛ ржПржХ рж╕рж╛ржерзЗ 

ржжрзЛржпрж╝рж╛ ржУ ржнрж╛рж▓рзЛржмрж╛рж╕рж╛ рж░ржЗрж▓рзЛ ржмржирзНржзрзБ @ Red Chilli https://t.co/Cn0uqwYf0S",akramul hoque red chilli,0.5
56,7406,2022-08-22 00:02:42+00:00,"ржкрзНрж░рж┐ржпрж╝ ржмржирзНржзрзБ Akramul Hoque ржПрж░ ржЬржирзНржоржжрж┐ржирзЗ рж╣рж╛рж▓ржХрж╛ ржнрзЛржЬржи
ржмржирзНржзрзБрж░рж╛ ржПржХ рж╕рж╛ржерзЗ 

ржжрзЛржпрж╝рж╛ ржУ ржнрж╛рж▓рзЛржмрж╛рж╕рж╛ рж░ржЗрж▓рзЛ ржмржирзНржзрзБ @ Red Chilli https://t.co/WVArPq5x3j",akramul hoque red chilli,0.5
5,7474,2022-08-24 15:44:25+00:00,@MonMon88671419 Prem kra ki hba,prem kra ki hba,0.5
20,7489,2022-08-24 11:49:07+00:00,ЁЯдк @ KFC Chittagong https://t.co/RRgRyXXGoY,kfc chittagong,0.5
28,7497,2022-08-24 06:35:46+00:00,"@sisofik718 Apna k,,ЁЯе░ЁЯе┤",apna k,0.5
36,7505,2022-08-24 02:22:45+00:00,"рж╣рж╛рж░рж┐ржпрж╝рзЗ ржпрж╛ржУ рж╕ржорзБржжрзНрж░рзЗрж░ ржмрж┐рж╢рж╛рж▓рждрж╛рж░ ржорж╛ржЭрзЗ ЁЯШЗ @ Potenga Sea Beach, Chattogram https://t.co/Nc8A8wVjLZ",potenga sea beach chattogram,0.5
13,7526,2022-08-25 11:55:17+00:00,#thrusdayvibes  ЁЯдЯ @ Travelling Chattogram to Feni https://t.co/9xCMDINbFU,travelling chattogram to feni,0.5
3,7556,2022-08-26 20:40:28+00:00,Little gril @ ржЪржЯрзНржЯржЧрзНрж░рж╛ржо ржЗржкрж┐ржЬрзЗржб https://t.co/Trt8VVRITn,little gril,0.5
10,7615,2022-08-27 15:28:05+00:00,"'рж╕рж╛ржжрж╛-ржХрж╛рж▓рзЛ ржПржЗ ржЬржЮрзНржЬрж╛рж▓рзЗ ржнрж░рж╛ ржорж┐ржерзНржпрзЗ ржХржерж╛рж░ рж╢рж╣рж░рзЗ'...!ЁЯШК

#reactionboi 
#abrar10 @ Korean Epz - ржХрзЛрж░рж┐ржпрж╝рж╛ржи ржЗржкрж┐ржЬрзЗржб https://t.co/IdNcxgbNI4",korean epz,0.5
17,7622,2022-08-27 11:50:44+00:00,"@MdShago20679270 Valo
U?",valo u,0.5
3,7641,2022-08-28 19:06:47+00:00,Hridoypore Tea 500gm https://t.co/ptM2Wksm0n,hridoypore tea 500gm,0.5
16,7697,2022-08-29 11:46:23+00:00,samata Logistics https://t.co/3Qwj2SJnr2,samata logistics,0.5
